address,city,email,firstName,gender,id,lastName,state,zip
9581 Westend Trail,Fairfield,gdequesne9y@diigo.com,Garrot,FEMALE,359,de Quesne,Connecticut,6825
4638 Fieldstone Avenue,Mobile,vtonkshv@deviantart.com,Vonny,FEMALE,644,Tonks,Alabama,36622
9711 Elka Place,Charlotte,wwhitehair3s@theguardian.com,Waylan,FEMALE,137,Whitehair,North Carolina,28230
0606 Northwestern Junction,Newton,bsouthousep0@posterous.com,Brunhilde,FEMALE,901,Southouse,Massachusetts,2162
4 Del Sol Parkway,San Diego,lproger6v@hugedomains.com,Luca,FEMALE,248,Proger,California,92115
779 Raven Park,Albuquerque,msweedr0@umn.edu,Michal,MALE,973,Sweed,New Mexico,87195
372 Redwing Avenue,New York City,blassetterfc@fastcompany.com,Benedikt,FEMALE,553,Lassetter,New York,10165
77941 Garrison Junction,Oklahoma City,beliefd@statcounter.com,Bourke,FEMALE,554,Elie,Oklahoma,73190
1 Petterle Center,Grand Rapids,dkeepe87@nifty.com,Donalt,FEMALE,296,Keepe,Michigan,49505
28151 Fordem Crossing,Minneapolis,fcolman48@bbc.co.uk,Flo,MALE,153,Colman,Minnesota,55470
464 Golf View Crossing,Temple,llappin8t@dailymotion.com,Lauri,MALE,318,Lappin,Texas,76505
28300 Dorton Road,Providence,jgaythorpe1j@ucsd.edu,Jeremiah,FEMALE,56,Gaythorpe,Rhode Island,2912
5 Summer Ridge Drive,Raleigh,iciciotti74@addthis.com,Ivor,MALE,257,Ciciotti,North Carolina,27635
0 Oneill Way,Springfield,ldymidowiczm5@google.fr,Lazaro,FEMALE,798,Dymidowicz,Illinois,62776
78089 Lakewood Junction,Raleigh,iganiford4b@edublogs.org,Inez,FEMALE,156,Ganiford,North Carolina,27621
27549 Golf Course Drive,Portland,kphilippsondo@com.com,Kath,MALE,493,Philippson,Oregon,97271
8 Stang Avenue,Vienna,shelversennj@auda.org.au,Smitty,FEMALE,848,Helversen,Virginia,22184
337 Annamark Hill,Charlotte,jvollam3o@desdev.cn,Jerri,FEMALE,133,Vollam,North Carolina,28272
84643 Paget Lane,El Paso,sswaloweea@stanford.edu,Sebastiano,FEMALE,515,Swalowe,Texas,88546
1275 Miller Crossing,Lexington,dskeemer45@kickstarter.com,Duff,FEMALE,150,Skeemer,Kentucky,40505
874 Hanson Parkway,Dallas,ocharleta9@quantcast.com,Orion,MALE,370,Charlet,Texas,75241
776 Butterfield Point,Oklahoma City,dchiccoks@webnode.com,Dieter,FEMALE,749,Chicco,Oklahoma,73135
913 Towne Road,Phoenix,fberchera0@mac.com,Fern,MALE,361,Bercher,Arizona,85067
26 Dovetail Trail,Miami,sbriscogw@wikispaces.com,Stephanus,FEMALE,609,Brisco,Florida,33124
65 Pine View Drive,Atlanta,jchristoffersengh@google.fr,Jerrilee,FEMALE,594,Christoffersen,Georgia,30301
2991 Crownhardt Lane,Atlanta,cbutting3e@google.ru,Carlota,FEMALE,123,Butting,Georgia,30311
9 Marcy Circle,Jacksonville,elorenzettom2@samsung.com,Emlen,FEMALE,795,Lorenzetto,Florida,32220
5005 Fairfield Street,Irvine,emccormackjx@multiply.com,Eben,MALE,718,McCormack,California,92717
8885 Bay Court,Jackson,atreadger1f@drupal.org,Arturo,FEMALE,52,Treadger,Mississippi,39216
0 Di Loreto Point,Cedar Rapids,rfleeming4m@taobao.com,Ramonda,FEMALE,167,Fleeming,Iowa,52410
67 Glendale Hill,Lansing,lboughtonnu@friendfeed.com,Lucia,FEMALE,859,Boughton,Michigan,48956
729 Lake View Parkway,Champaign,aabramoviciih@networkadvertising.org,Angela,FEMALE,666,Abramovici,Illinois,61825
6 Harper Avenue,San Antonio,equinn8h@elegantthemes.com,Elmore,MALE,306,Quinn,Texas,78245
65294 Green Hill,Las Vegas,mkloisnerok@over-blog.com,Michelina,MALE,885,Kloisner,Nevada,89110
68925 Westport Drive,Greenville,adoley2@forbes.com,Antoni,MALE,3,Doley,South Carolina,29605
08 Lyons Lane,Atlanta,fpackpr@java.com,Fabiano,MALE,928,Pack,Georgia,30356
410 1st Crossing,Littleton,kbaudon4j@bigcartel.com,Kendell,FEMALE,164,Baudon,Colorado,80127
0517 Golf Lane,Cleveland,afrainio@hc360.com,Aggy,MALE,673,Frain,Ohio,44177
5893 Debs Junction,Fairfield,cgrishechkinga@sbwire.com,Chance,FEMALE,587,Grishechkin,Connecticut,6825
96 Pond Alley,Irvine,cnaul4l@blog.com,Cleavland,FEMALE,166,Naul,California,92717
116 Anzinger Plaza,San Antonio,epaddingtoni6@smugmug.com,Elia,FEMALE,655,Paddington,Texas,78230
24258 Heffernan Alley,Virginia Beach,atriponyq0@purevolume.com,Ardene,MALE,937,Tripony,Virginia,23471
41 Sutteridge Way,Katy,echillingsworthmw@npr.org,Euphemia,FEMALE,825,Chillingsworth,Texas,77493
932 Pepper Wood Alley,Frankfort,igricewoodfx@alibaba.com,Inglis,FEMALE,574,Gricewood,Kentucky,40618
487 Beilfuss Plaza,Lakeland,oteresiaak@blogspot.com,Olag,FEMALE,381,Teresia,Florida,33811
9 Karstens Avenue,Saint Louis,kivanikhin7p@imdb.com,Kay,FEMALE,278,Ivanikhin,Missouri,63196
5 Laurel Drive,Lansing,klooksdk@artisteer.com,Kristien,FEMALE,489,Looks,Michigan,48919
610 Garrison Plaza,Dallas,awoodwindrq@ovh.net,Andrey,FEMALE,999,Woodwind,Texas,75205
356 Tennyson Trail,Washington,rshaileroc@lulu.com,Rowe,FEMALE,877,Shailer,District of Columbia,20238
25060 Darwin Way,Brockton,mellwood9v@techcrunch.com,Moe,MALE,356,Ellwood,Massachusetts,2405
2 Beilfuss Alley,Hialeah,jpeytoic@google.com,Jo ann,FEMALE,661,Peyto,Florida,33013
25620 Dunning Plaza,Washington,gbettisong0@so-net.ne.jp,Griswold,MALE,577,Bettison,District of Columbia,20337
58050 Ridgeview Junction,Panama City,pscopyn7f@php.net,Peggi,MALE,268,Scopyn,Florida,32405
1 Warner Street,Tacoma,eregenhardtdg@arizona.edu,Elmo,FEMALE,485,Regenhardt,Washington,98417
401 Lukken Road,Oklahoma City,bredfordf6@rambler.ru,Bonnibelle,FEMALE,547,Redford,Oklahoma,73173
636 Talmadge Way,Merrifield,agiovanardi20@microsoft.com,Annabel,FEMALE,73,Giovanardi,Virginia,22119
380 Bunker Hill Trail,Norman,dlownsbrough8r@blinklist.com,Daile,FEMALE,316,Lownsbrough,Oklahoma,73071
22833 Bultman Avenue,Lincoln,sjansiki9@mapquest.com,Sibella,MALE,658,Jansik,Nebraska,68510
10 Center Terrace,Riverside,browlattgm@mac.com,Berna,FEMALE,599,Rowlatt,California,92505
4 Towne Terrace,Austin,fspitellpf@cocolog-nifty.com,Francesca,FEMALE,916,Spitell,Texas,78721
36 Namekagon Drive,Joliet,atallonc0@forbes.com,Adaline,MALE,433,Tallon,Illinois,60435
57 Clemons Place,New York City,ivannuccinigg@163.com,Ingaberg,MALE,593,Vannuccini,New York,10079
87310 Debra Drive,Rockford,rludeegx@webeden.co.uk,Read,FEMALE,610,Ludee,Illinois,61105
8745 Prairieview Terrace,Vancouver,bslorak1@alibaba.com,Beaufort,FEMALE,722,Slora,Washington,98682
8 Buell Lane,Beaverton,mmciloryn3@symantec.com,Maryanne,FEMALE,832,Mc Ilory,Oregon,97075
38 Gulseth Circle,Columbia,btomaello8m@bloglines.com,Bearnard,MALE,311,Tomaello,South Carolina,29240
5 Golden Leaf Crossing,Baton Rouge,kkleej4@arstechnica.com,Kendricks,FEMALE,689,Klee,Louisiana,70826
363 Kenwood Alley,Pittsburgh,wlamdenfv@samsung.com,Windy,MALE,572,Lamden,Pennsylvania,15279
14 Meadow Valley Hill,East Saint Louis,eferrickcg@wsj.com,Ernestine,MALE,449,Ferrick,Illinois,62205
75399 Kings Parkway,Saint Louis,kboddy7u@nba.com,Kendall,FEMALE,283,Boddy,Missouri,63131
717 Tony Avenue,Huntsville,amclay9h@paginegialle.it,Amalita,MALE,342,McLay,Alabama,35815
216 Tomscot Way,Jeffersonville,cflindall9q@dmoz.org,Cinnamon,MALE,351,Flindall,Indiana,47134
8562 Oneill Crossing,Baton Rouge,ngirlingor@elpais.com,Natala,MALE,892,Girling,Louisiana,70805
31683 Browning Trail,Orlando,cpowlandb8@cnet.com,Christie,MALE,405,Powland,Florida,32854
393 Hermina Avenue,Columbus,rdroganqa@technorati.com,Rickie,FEMALE,947,Drogan,Ohio,43268
50445 Sugar Crossing,Scottsdale,whurlingg5@jiathis.com,Wilmar,MALE,582,Hurling,Arizona,85255
9327 Colorado Parkway,Tampa,akaliszewskin8@nationalgeographic.com,Alfie,MALE,837,Kaliszewski,Florida,33625
15473 Emmet Court,Grand Rapids,gaylwin1t@oakley.com,Gerda,MALE,66,Aylwin,Michigan,49505
10193 Gateway Drive,Charleston,vwellbelovegp@wufoo.com,Virgie,FEMALE,602,Wellbelove,West Virginia,25336
1 Dayton Drive,Dayton,esavin1p@unc.edu,Edmund,FEMALE,62,Savin,Ohio,45403
6 Golf Drive,Detroit,lmacphaillh@huffingtonpost.com,Ludvig,MALE,774,MacPhail,Michigan,48206
17478 1st Drive,Austin,eromeuf19@wix.com,Edwin,FEMALE,46,Romeuf,Texas,78778
104 Moland Hill,Roanoke,bohare47@google.es,Bowie,MALE,152,O'Hare,Virginia,24004
0102 Nevada Park,Richmond,fcastiblancoow@spotify.com,Florette,MALE,897,Castiblanco,Virginia,23285
3247 Eastwood Avenue,Los Angeles,lyankishin2a@buzzfeed.com,Lamond,FEMALE,83,Yankishin,California,90005
27346 Superior Avenue,Las Vegas,mtolcher83@wisc.edu,Mickie,MALE,292,Tolcher,Nevada,89105
49168 Boyd Circle,Indianapolis,otaillj2@gizmodo.com,Olly,FEMALE,687,Taill,Indiana,46278
95440 Carpenter Lane,Memphis,bshowl6i@xing.com,Baillie,FEMALE,235,Showl,Tennessee,38143
5 Del Sol Pass,Chicago,gquantrillpw@ox.ac.uk,Gannon,MALE,933,Quantrill,Illinois,60663
2 Thierer Junction,Elmira,gbanghe2g@sakura.ne.jp,Ginger,MALE,89,Banghe,New York,14905
736 Loeprich Place,Juneau,lfitzsimonsdc@apple.com,Lizzie,MALE,481,Fitzsimons,Alaska,99812
1631 Shopko Junction,Saint Paul,fshellidayet@msn.com,Frasier,MALE,534,Shelliday,Minnesota,55103
22 Scott Plaza,Lakeland,lseedull4t@cloudflare.com,Lin,MALE,174,Seedull,Florida,33805
8 Lawn Park,Seattle,phuet1@google.nl,Pippa,MALE,2,Huet,Washington,98175
11521 Bonner Street,Peoria,rdenajeradr@europa.eu,Rafaelia,FEMALE,496,de Najera,Illinois,61656
08021 Randy Avenue,Miami,kcluley5g@elpais.com,Kermie,MALE,197,Cluley,Florida,33185
64922 Oak Court,Nashville,fbiscombcb@4shared.com,Frannie,MALE,444,Biscomb,Tennessee,37240
596 Schurz Junction,Tuscaloosa,rmassingeroq@weather.com,Rycca,MALE,891,Massinger,Alabama,35487
58 Maryland Plaza,Louisville,bnorgateez@seesaa.net,Booth,MALE,540,Norgate,Kentucky,40233
2952 3rd Place,Denver,cwoodlandskf@google.de,Christopher,FEMALE,736,Woodlands,Colorado,80279
